[
  {
    "name": "Homepage",
    "slug": "discover",
    "internal": true,
    "presetDescription": "Homepage for the site",
    "config": {
      "contentType": "manual",
      "contentModel": "channel",
      "hideTitle": true,
      "contentOrder": "channelables.order:asc",
      "layout": "list",
      "nestedLayout": "list",
      "seoTitle": "{{site_name}} - Listen to music for free",
      "seoDescription": "Find and listen to millions of songs, albums and artists, all completely free on {{SITE_NAME}}.",
      "presetId": "homepage"
    },
    "nestedChannels": [
      "popular-albums",
      "popular-tracks",
      "new-releases",
      "genres"
    ]
  },
  {
    "name": "Genres",
    "slug": "genres",
    "presetDescription": "Lists all genres currently in the database",
    "internal": true,
    "config": {
      "contentType": "listAll",
      "contentModel": "genre",
      "contentOrder": "id:desc",
      "layout": "compactGrid",
      "nestedLayout": "compactGrid",
      "seoTitle": "Popular Genres",
      "seo_description": "Browse popular genres to discover new music.",
      "presetId": "genres"
    }
  }
]
