{"Appears at the top of most pages. Best size <= 150px height or responsive.":"Appears at the top of most pages. Best size <= 150px height or responsive.","Appears at the bottom of most pages. Best size <= 150px height or responsive.":"Appears at the bottom of most pages. Best size <= 150px height or responsive.","Appears in artist page only (below page header). Best size <= 1000px width or responsive.":"Appears in artist page only (below page header). Best size <= 1000px width or responsive.","Appears in artist page only (below similar artists). Best size <= 430px width or responsive.":"Appears in artist page only (below similar artists). Best size <= 430px width or responsive.","Appears in album page only (above album tracks). Best size is as wide as possible or responsive.":"Appears in album page only (above album tracks). Best size is as wide as possible or responsive.","Automation":"Automation","Player":"Player","Landing page":"Landing page","Local search":"Local search","Ads":"Ads","Search for artists, albums, songs...":"Search for artists, albums, songs...","By :name":"By :name",":count followers":":count followers","Remove from this device":"Remove from this device","Make available offline":"Make available offline","Downloading :count tracks...":"Downloading :count tracks...","Keep window open to continue":"Keep window open to continue","Album":"Album","Artist":"Artist","Release date":"Release date","Track count":"Track count","Plays":"Plays","Last updated":"Last updated","Actions":"Actions","Artwork":"Artwork","Whether album has any artwork uploaded":"Whether album has any artwork uploaded","Has artwork":"Has artwork","Does not have artwork":"Does not have artwork","Plays count":"Plays count","Number of times this album was played":"Number of times this album was played","Date album was created":"Date album was created","Date album was last updated":"Date album was last updated","Artist this album belongs to":"Artist this album belongs to","Delete":"Delete","Albums":"Albums","No albums have been created yet":"No albums have been created yet","No matching albums":"No matching albums","Import by spotify ID":"Import by spotify ID","Add new album":"Add new album","Albums deleted":"Albums deleted","Delete albums":"Delete albums","Are you sure you want to delete selected albums?":"Are you sure you want to delete selected albums?","New":"New","Backstage":"Backstage","New album":"New album","Import album":"Import album","Spotify ID":"Spotify ID","This will also import all artists that collaborated on this album and any tracks that it contains.":"This will also import all artists that collaborated on this album and any tracks that it contains.","Cancel":"Cancel","Import":"Import","Edit":"Edit","Album count":"Album count","Total plays":"Total plays","Page views":"Page views","Status":"Status","Whether artist is verified":"Whether artist is verified","Verified":"Verified","Not verified":"Not verified","Visibility":"Visibility","Whether artist is hidden on the site":"Whether artist is hidden on the site","Hidden":"Hidden","Visible":"Visible","Number of times artist tracks have been played":"Number of times artist tracks have been played","Views count":"Views count","Number of times artist page have been viewed":"Number of times artist page have been viewed","Date artist was created":"Date artist was created","Date artist was last updated":"Date artist was last updated","Artists":"Artists","No artists have been created yet":"No artists have been created yet","No matching artists":"No matching artists","Add new artist":"Add new artist","Artists deleted":"Artists deleted","Delete artists":"Delete artists","Are you sure you want to delete selected artists?":"Are you sure you want to delete selected artists?","Import artist":"Import artist","Import albums":"Import albums","Import similar artists":"Import similar artists","Local database":"Local database","Spotify":"Spotify","Last.fm":"Last.fm","Search...":"Search...",":restriction name":":restriction name","Dynamic (from url)":"Dynamic (from url)","Tracks":"Tracks","Playlists":"Playlists","Users":"Users","Genres":"Genres","Channels":"Channels","Most popular first":"Most popular first","Recently added first":"Recently added first","Oldest first":"Oldest first","Curated (reorder below)":"Curated (reorder below)","Recently attached first":"Recently attached first","Most recent first (by release date)":"Most recent first (by release date)","Grid":"Grid","Table":"Table","List":"List","Carousel":"Carousel","Compact grid":"Compact grid","Top tracks":"Top tracks","New releases":"New releases","Popular albums":"Popular albums","Popular artists":"Popular artists","Playlist tracks":"Playlist tracks","Playlist ID":"Playlist ID","Popular genres":"Popular genres","Genres that have content":"Genres that have content","Genre":"Genre","Whether title should be shown when displaying this channel on the site.":"Whether title should be shown when displaying this channel on the site.","Hide title":"Hide title","Description":"Description","Title & description":"Title & description","Internal description":"Internal description","This describes the purpose of the channel and is only visible in admin area.":"This describes the purpose of the channel and is only visible in admin area.","Content settings":"Content settings","Layout":"Layout","SEO":"SEO","Type":"Type","Type of the request":"Type of the request","Become artist":"Become artist","Verify artist":"Verify artist","Claim artist":"Claim artist","Status of the request":"Status of the request","Pending":"Pending","Approved":"Approved","Denied":"Denied","Requester":"Requester","User that submitted the request":"User that submitted the request","Date request was created":"Date request was created","Date request was last updated":"Date request was last updated","User":"User","Requested at":"Requested at","View":"View","Backstage requests":"Backstage requests","No requests have been created yet":"No requests have been created yet","No matching requests":"No matching requests","Requests deleted":"Requests deleted","Delete requests":"Delete requests","Are you sure you want to delete selected requests?":"Are you sure you want to delete selected requests?","Create new genre":"Create new genre","Create":"Create","Image":"Image","Name":"Name","Unique genre identifier.":"Unique genre identifier.","Display name":"Display name","User friendly genre name.":"User friendly genre name.","Date genre was created":"Date genre was created","Date genre was last updated":"Date genre was last updated","Number of artists":"Number of artists","No genres have been created yet":"No genres have been created yet","No matching genres":"No matching genres","Add new genre":"Add new genre","Genres deleted":"Genres deleted","Delete genres":"Delete genres","Are you sure you want to delete selected genres?":"Are you sure you want to delete selected genres?","Update “:name“ genre":"Update “:name“ genre","Import artists":"Import artists","Save":"Save","Create new lyric":"Create new lyric","Track":"Track","Whether lyric contains timestmaps":"Whether lyric contains timestmaps","Synced":"Synced","duration":"duration","Lyric duration in seconds. If this duration does not match the duration of track that is being played, lyric sync will be disabled and plain lyrics will be shown instead.":"Lyric duration in seconds. If this duration does not match the duration of track that is being played, lyric sync will be disabled and plain lyrics will be shown instead.","Text":"Text","Date lyric was created":"Date lyric was created","Date lyric was last updated":"Date lyric was last updated","Lyrics":"Lyrics","No lyrics have been created yet":"No lyrics have been created yet","No matching lyrics":"No matching lyrics","Add new lyric":"Add new lyric","Lyrics deleted":"Lyrics deleted","Delete lyrics":"Delete lyrics","Are you sure you want to delete selected lyrics?":"Are you sure you want to delete selected lyrics?","Update lyric":"Update lyric","Update":"Update","Import playlist":"Import playlist","Only public playlists can be imported.":"Only public playlists can be imported.","Whether playlist is publicly viewable":"Whether playlist is publicly viewable","Private":"Private","Public":"Public","Collaborative":"Collaborative","Whether playlist is marked as collaborative":"Whether playlist is marked as collaborative","Play count":"Play count","Number of times this playlist was played":"Number of times this playlist was played","View count":"View count","Number of times this playlist page was viewed":"Number of times this playlist page was viewed","Date playlist was created":"Date playlist was created","Date playlist was last updated":"Date playlist was last updated","Playlist":"Playlist","Owner":"Owner","Views":"Views","No playlists have been created yet":"No playlists have been created yet","No matching playlists":"No matching playlists","Add new playlist":"Add new playlist","Playlists deleted":"Playlists deleted","Delete playlists":"Delete playlists","Are you sure you want to delete selected playlists?":"Are you sure you want to delete selected playlists?","Visitors report":"Visitors report","Plays report":"Plays report","Visitors":"Visitors",":count total plays":":count total plays","Top devices":"Top devices","Most played tracks":"Most played tracks","Top listeners":"Top listeners","Most played artists":"Most played artists","Most played albums":"Most played albums","Top platforms":"Top platforms",":count plays":":count plays","No plays in selected timeframe.":"No plays in selected timeframe.","Homepage":"Homepage","Configure which page should be displayed as your site's homepage.":"Configure which page should be displayed as your site's homepage.","Site home page":"Site home page","Channel":"Channel","Login page":"Login page","Content automation":"Content automation","Artist Automation":"Artist Automation","Configure automatic import and updates of artist metadata and biographies.":"Configure automatic import and updates of artist metadata and biographies.","This will automatically import, and periodically update, all metadata available on spotify about the artist when user visits that artist's page.":"This will automatically import, and periodically update, all metadata available on spotify about the artist when user visits that artist's page.","Enable artist automation":"Enable artist automation","Album Automation":"Album Automation","Configure automatic import and updates of album metadata.":"Configure automatic import and updates of album metadata.","This will automatically import, and periodically update, all metadata available on spotify about an album when user visits that album's page.":"This will automatically import, and periodically update, all metadata available on spotify about an album when user visits that album's page.","Enable album automation":"Enable album automation","Search Provider":"Search Provider","Configure which method should be used for user facing search in the web player.":"Configure which method should be used for user facing search in the web player.","Search method":"Search method","Search on the site will directly connect to, and search spotify. Any artist, album and track available on spotify will be discoverable via search, without needing to import or create it first.":"Search on the site will directly connect to, and search spotify. Any artist, album and track available on spotify will be discoverable via search, without needing to import or create it first.","Will only search content that was created or imported from backstage or admin area. This can be further configured from 'Local search' settings page.":"Will only search content that was created or imported from backstage or admin area. This can be further configured from 'Local search' settings page.","Local":"Local","Will combine search results from both 'local' and 'spotify' methods. If there are identical matches, local results will be preferred.":"Will combine search results from both 'local' and 'spotify' methods. If there are identical matches, local results will be preferred.","Local and spotify":"Local and spotify","Lyrics Automation":"Lyrics Automation","Configure automatic lyrics import for tracks.":"Configure automatic lyrics import for tracks.","Try to automatically find and import lyrics based on song and artist name. Lyrics can still be added manually, if this is disabled.":"Try to automatically find and import lyrics based on song and artist name. Lyrics can still be added manually, if this is disabled.","Enable lyrics automation":"Enable lyrics automation","Artist biography provider":"Artist biography provider","Will import artist biography from wikipedia in the selected language.":"Will import artist biography from wikipedia in the selected language.","Wikipedia":"Wikipedia","Will only show artist biography that was manually added from admin area or backstage.":"Will only show artist biography that was manually added from admin area or backstage.","Language":"Language","API Credentials":"API Credentials","Configure API credentials for external services used by automation features.":"Configure API credentials for external services used by automation features.","Spotify secret":"Spotify secret","LastFM Api Key":"LastFM Api Key","Import track":"Import track","This will also import all artists that collaborated on this track and album this track belongs to.":"This will also import all artists that collaborated on this track and album this track belongs to.","Import lyrics":"Import lyrics","Duration":"Duration","Whether track has any artwork uploaded":"Whether track has any artwork uploaded","Whether track is part of an album":"Whether track is part of an album","Part of an album":"Part of an album","Single":"Single","Number of times this track was played":"Number of times this track was played","Artist this track belongs to":"Artist this track belongs to","No tracks have been created yet":"No tracks have been created yet","No matching tracks":"No matching tracks","Add new track":"Add new track","Tracks deleted":"Tracks deleted","Delete tracks":"Delete tracks","Are you sure you want to delete selected tracks?":"Are you sure you want to delete selected tracks?","Go to artist":"Go to artist","Copy album link":"Copy album link","Insights":"Insights","Delete album":"Delete album","Are you sure you want to delete this album?":"Are you sure you want to delete this album?","This album has no tracks yet.":"This album has no tracks yet.","Nothing to display":"Nothing to display","This album does not have any tracks yet":"This album does not have any tracks yet","[one 1 track|other :count tracks]":"[one 1 track|other :count tracks]","Go to artist radio":"Go to artist radio","Copy artist link":"Copy artist link","Delete artist":"Delete artist","Are you sure you want to delete this artist?":"Are you sure you want to delete this artist?","Various artists":"Various artists","Genre radio":"Genre radio","Add to queue":"Add to queue","Copied link to clipboard":"Copied link to clipboard","Back":"Back","New playlist":"New playlist","This item does not have tracks yet":"This item does not have tracks yet","Add to playlist":"Add to playlist","Share":"Share","Following":"Following","Remove from library":"Remove from library","Follow":"Follow","Add to library":"Add to library","Reposted":"Reposted","Repost":"Repost","Image for :name":"Image for :name","No results found":"No results found","Try another search query or different filters":"Try another search query or different filters","Artist profile":"Artist profile","Become an author":"Become an author","Try Pro":"Try Pro","Upload":"Upload","Connect to the internet":"Connect to the internet","You're offline. Check your connection.":"You're offline. Check your connection.","Go to downloads":"Go to downloads","Retry":"Retry","Library":"Library","Recently added":"Recently added","A-Z":"A-Z","Your albums":"Your albums","[one 1 liked album|other :count liked albums]":"[one 1 liked album|other :count liked albums]","My albums":"My albums","Search within albums":"Search within albums","You have not added any albums to your library yet.":"You have not added any albums to your library yet.","Your artists":"Your artists","[one 1 liked artist|other :count liked artists]":"[one 1 liked artist|other :count liked artists]","My artists":"My artists","Search within artists":"Search within artists","You have not added any artists to your library yet.":"You have not added any artists to your library yet.","Listening history":"Listening history","Search within history":"Search within history","You have not played any songs yet.":"You have not played any songs yet.","Your tracks":"Your tracks","Your library":"Your library","Songs":"Songs","Play history":"Play history","Recently updated":"Recently updated","Most viewed":"Most viewed","Most played":"Most played","Your playlists":"Your playlists","[one 1 playlist|other :count playlists]":"[one 1 playlist|other :count playlists]","My playlists":"My playlists","Search within playlists":"Search within playlists","You have not added any playlists to your library yet.":"You have not added any playlists to your library yet.","[one 1 liked song|other :count liked songs]":"[one 1 liked song|other :count liked songs]","My songs":"My songs","Search within tracks":"Search within tracks","You have not added any songs to your library yet.":"You have not added any songs to your library yet.","Like":"Like","Liked":"Liked","We've got your request":"We've got your request","Our support team will review it and send you an email within 3 days!":"Our support team will review it and send you an email within 3 days!","Don't submit another request until you hear from us.":"Don't submit another request until you hear from us.","If this artist profile is already claimed, ask an admin on your team to invite you.":"If this artist profile is already claimed, ask an admin on your team to invite you.","Got It":"Got It","Get access to :siteName for artists":"Get access to :siteName for artists","First, select the type of your request":"First, select the type of your request","Get verified":"Get verified","Become an artist":"Become an artist","Claim existing artist":"Claim existing artist","Pause":"Pause","Play":"Play","Queue":"Queue","Expand":"Expand","Download":"Download","Account":"Account","Login":"Login","Register":"Register","Copy playlist link":"Copy playlist link","Unfollow":"Unfollow","Make private":"Make private","Make public":"Make public","Delete playlist":"Delete playlist","Are you sure you want to delete this playlist?":"Are you sure you want to delete this playlist?","This playlist has no tracks yet.":"This playlist has no tracks yet.",":name radio":":name radio","[one 1 song|other :count songs]":"[one 1 song|other :count songs]","Artist radio":"Artist radio","Track radio":"Track radio","Search":"Search","Search songs, artists, albums, playlists":"Search songs, artists, albums, playlists","Search :siteName":"Search :siteName","Find songs, artists, albums, playlists and more.":"Find songs, artists, albums, playlists and more.","Not results for “:query“":"Not results for “:query“","Please try a different search query":"Please try a different search query","Top results":"Top results","Profiles":"Profiles","Could not share link":"Could not share link","Share :name":"Share :name","Embed":"Embed","Close":"Close","Copied!":"Copied!","Copy":"Copy","Your current plan does not allow music playback.":"Your current plan does not allow music playback.","No albums yet":"No albums yet","This tag is not attached to any albums yet, check back later.":"This tag is not attached to any albums yet, check back later.","Most popular albums for #:tag":"Most popular albums for #:tag","Most popular tracks for #:tag":"Most popular tracks for #:tag","No tracks yet":"No tracks yet","This tag is not attached to any tracks yet, check back later.":"This tag is not attached to any tracks yet, check back later.",":count likes":":count likes",":count reposts":":count reposts","More":"More","From the album":"From the album","Avatar for :name":"Avatar for :name","PRO user":"PRO user","Set a future date to schedule release to become public only on that date.":"Set a future date to schedule release to become public only on that date.","+Add genre":"+Add genre","Tags":"Tags","+Add tag":"+Add tag","Upload tracks":"Upload tracks","Create track":"Create track","Edit track":"Edit track","Remove track":"Remove track","Are you sure you want to remove this track from the album?":"Are you sure you want to remove this track from the album?","Remove":"Remove","Album created":"Album created","Album imported":"Album imported","Album updated":"Album updated","Artist created":"Artist created","Artist imported":"Artist imported","Artist updated":"Artist updated","Request approved":"Request approved","Request deleted":"Request deleted","Request denied":"Request denied","Approve request":"Approve request","Are you sure you want to approve this request?":"Are you sure you want to approve this request?","This will create a new artist profile and assign it to ':user', as well as give them artist role on the site.":"This will create a new artist profile and assign it to ':user', as well as give them artist role on the site.","Also mark this artist as verified":"Also mark this artist as verified","Notes (optional)":"Notes (optional)","Add any extra notes that should be sent to use via notification email":"Add any extra notes that should be sent to use via notification email","Approve":"Approve","Deny":"Deny","Delete request":"Delete request","Are you sure you want to delete this request?":"Are you sure you want to delete this request?","Deny request":"Deny request","Are you sure you want to deny this request?":"Are you sure you want to deny this request?","This will mark request as denied and notify ':user'.":"This will mark request as denied and notify ':user'.","Request details":"Request details","Requested artist name":"Requested artist name","Requested role":"Requested role","Company":"Company","Attached verification":"Attached verification","Passport scan":"Passport scan",":service account":":service account","Genre created":"Genre created","Artists imported":"Artists imported","Genre updated":"Genre updated","Lyric created":"Lyric created","Lyric updated":"Lyric updated","Playlist imported":"Playlist imported","Badge":"Badge","Title":"Title","Configure channel content from <a>Channel manager</a>.":"Configure channel content from <a>Channel manager</a>.","Show search bar":"Show search bar","Artist page tabs":"Artist page tabs","Select which tabs should appear on artist page and in which order.":"Select which tabs should appear on artist page and in which order.","Default albums layout":"Default albums layout","How should albums on main artist page be displayed by default.":"How should albums on main artist page be displayed by default.","Whether short artist biography be shown in main artist page header.":"Whether short artist biography be shown in main artist page header.","Show description":"Show description","Show all artist tracks in a list view.":"Show all artist tracks in a list view.","Show all artist albums in a list view.":"Show all artist albums in a list view.","Followers":"Followers","Shows all users that are currently following an artist.":"Shows all users that are currently following an artist.","Similar artists":"Similar artists","Shows similar artists.":"Shows similar artists.","About":"About","Shows artist biography/description as well as extra images":"Shows artist biography/description as well as extra images","Discography":"Discography","Shows all artist albums in grid or list view.":"Shows all artist albums in grid or list view.","Content Popularity":"Content Popularity","When content is sorted by popularity (e.g. in track tables), choose whether to use Spotify popularity or local play counts.":"When content is sorted by popularity (e.g. in track tables), choose whether to use Spotify popularity or local play counts.","Popularity source":"Popularity source","Spotify popularity":"Spotify popularity","Local plays":"Local plays","Volume Settings":"Volume Settings","Configure default audio volume and playback settings.":"Configure default audio volume and playback settings.","Default player volume":"Default player volume","Set the default volume level (1-100) when the player loads.":"Set the default volume level (1-100) when the player loads.","Player Seekbar":"Player Seekbar","Choose between waveform visualization or simple line seekbar. Waveforms are generated during upload and will default to simple for auto-imported tracks.":"Choose between waveform visualization or simple line seekbar. Waveforms are generated during upload and will default to simple for auto-imported tracks.","Seekbar type":"Seekbar type","Waveform":"Waveform","Simple":"Simple","Social Features":"Social Features","Enable or disable social interaction features for tracks and albums.":"Enable or disable social interaction features for tracks and albums.","Allow users to repost albums and tracks to share them with their followers.":"Allow users to repost albums and tracks to share them with their followers.","Enable reposts":"Enable reposts","Allow users to leave comments on albums and tracks.":"Allow users to leave comments on albums and tracks.","Enable commenting":"Enable commenting","Offline playback":"Offline playback","Control whether users can make music available for offline listening. Does not work for tracks with youtube as the only playback source.":"Control whether users can make music available for offline listening. Does not work for tracks with youtube as the only playback source.","Enable offline playback functionality":"Enable offline playback functionality","Navigation & Access":"Navigation & Access","Control which navigation elements and access points are visible to users.":"Control which navigation elements and access points are visible to users.","Show upload button in the left sidebar for users with upload permissions.":"Show upload button in the left sidebar for users with upload permissions.","Show upload button":"Show upload button","Show 'Become artist' menu item for users who are not yet artists.":"Show 'Become artist' menu item for users who are not yet artists.","Show become artist menu":"Show become artist menu","Content Management":"Content Management","Configure how uploaded content is processed and matched with existing data.":"Configure how uploaded content is processed and matched with existing data.","Automatically match uploaded files with existing albums and artists based on metadata, or create new entries if they don't exist.":"Automatically match uploaded files with existing albums and artists based on metadata, or create new entries if they don't exist.","Enable metadata matching":"Enable metadata matching","Hide the lyrics button from player controls.":"Hide the lyrics button from player controls.","Hide lyrics button":"Hide lyrics button","Hide the player queue sidebar by default. Users can still toggle it using the queue button.":"Hide the player queue sidebar by default. Users can still toggle it using the queue button.","Hide queue sidebar":"Hide queue sidebar","Radio":"Radio","Hide 'Go to radio' buttons throughout the application.":"Hide 'Go to radio' buttons throughout the application.","Hide radio buttons":"Hide radio buttons","Downloads":"Downloads","Show download button in player controls. Only appears if track has an audio or video file uploaded.":"Show download button in player controls. Only appears if track has an audio or video file uploaded.","Enable download button":"Enable download button","Video Controls":"Video Controls","Configure video player visibility and control buttons.":"Configure video player visibility and control buttons.","Hide toggle fullscreen button from player controls.":"Hide toggle fullscreen button from player controls.","Hide fullscreen button":"Hide fullscreen button","Hide the small video player in the bottom right corner by default. Note: This may cause background playback issues with YouTube embeds, especially on mobile.":"Hide the small video player in the bottom right corner by default. Note: This may cause background playback issues with YouTube embeds, especially on mobile.","Hide video player":"Hide video player","Mobile Settings":"Mobile Settings","Configure mobile-specific player behavior and experience.":"Configure mobile-specific player behavior and experience.","Automatically open fullscreen video overlay on mobile when playback starts. Only applies to YouTube streaming.":"Automatically open fullscreen video overlay on mobile when playback starts. Only applies to YouTube streaming.","Auto-open overlay on mobile":"Auto-open overlay on mobile","Functionality":"Functionality","Interface":"Interface","Artist page":"Artist page","Web player":"Web player","Add album":"Add album","Save changes to enable album creation.":"Save changes to enable album creation.","This artist does not have any albums yet":"This artist does not have any albums yet","Details":"Details","Links":"Links","Biography":"Biography","Images":"Images","Country":"Country","City":"City","Add another image":"Add another image","URL":"URL","Short title":"Short title","Add another link":"Add another link","Track created":"Track created","Track imported":"Track imported","Track updated":"Track updated","Replace file":"Replace file","Upload file":"Upload file","Playback source":"Playback source","Supports audio, video, hls/dash stream and youtube video url. If left empty, best matching youtube video will be found automatically.":"Supports audio, video, hls/dash stream and youtube video url. If left empty, best matching youtube video will be found automatically.","Duration (in milliseconds)":"Duration (in milliseconds)","Will appear on the site as: :preview":"Will appear on the site as: :preview","This file could not be uploaded":"This file could not be uploaded","Upload complete":"Upload complete","Upload cancelled":"Upload cancelled","Upload failed":"Upload failed","Processing upload...":"Processing upload...","Waiting to start...":"Waiting to start...",":bytesUploaded of :totalBytes uploaded":":bytesUploaded of :totalBytes uploaded","Edit “:name“ track":"Edit “:name“ track","Album deleted":"Album deleted","Verified artist":"Verified artist","Follow :artist for updates on their latest releases.":"Follow :artist for updates on their latest releases.","+Add artist":"+Add artist","Artist deleted":"Artist deleted","Pause :name":"Pause :name","Play :name":"Play :name","Remove from queue":"Remove from queue","Added to your artists":"Added to your artists","Added to your albums":"Added to your albums","Added to your liked songs":"Added to your liked songs","Removed from your artists":"Removed from your artists","Removed from your albums":"Removed from your albums","Removed from your liked songs":"Removed from your liked songs","Try another search query or different filters.":"Try another search query or different filters.","You have not downloaded any albums yet.":"You have not downloaded any albums yet.","You have not downloaded any playlists yet.":"You have not downloaded any playlists yet.","You have not downloaded any songs yet.":"You have not downloaded any songs yet.","Space usage":"Space usage","Delete downloaded content":"Delete downloaded content","Done":"Done","Music downloaded for offline playback is currently using less then 1mb of space.":"Music downloaded for offline playback is currently using less then 1mb of space.","Music downloaded for offline playback is currently using approximately :used of :available availble space.":"Music downloaded for offline playback is currently using approximately :used of :available availble space.","Are you sure you want to delete all downloaded content?":"Are you sure you want to delete all downloaded content?","Downloads - Library":"Downloads - Library","Speed up the process by connecting artist social media accounts or uploading your passport scan.":"Speed up the process by connecting artist social media accounts or uploading your passport scan.","Connected twitter account":"Connected twitter account","Connect to twitter":"Connect to twitter","Connected facebook account":"Connected facebook account","Connect to facebook":"Connect to facebook","Upload passport scan":"Upload passport scan","Tell us about yourself":"Tell us about yourself","Select artist":"Select artist","Your artist name":"Your artist name","Your name":"Your name","Company (optional)":"Company (optional)","Go back":"Go back","Submit request":"Submit request","Role":"Role","Agent":"Agent","Composer":"Composer","Label":"Label","Manager":"Manager","Musician":"Musician","Producer":"Producer","Publisher":"Publisher","Songwriter":"Songwriter","insights":"insights","Drop your files anywhere on the page to upload":"Drop your files anywhere on the page to upload","Drag and drop your tracks, videos & albums here.":"Drag and drop your tracks, videos & albums here.","Or choose files to upload":"Or choose files to upload","Make an album when multiple files are selected":"Make an album when multiple files are selected","You have :count minutes left. Try <a>Pro accounts</a> to get more time and access to advanced features.":"You have :count minutes left. Try <a>Pro accounts</a> to get more time and access to advanced features.","Upload complete. <a>Go to your track</a>":"Upload complete. <a>Go to your track</a>","Share your new track":"Share your new track",":count of your files is not supported.":":count of your files is not supported.","Invite other users to add tracks.":"Invite other users to add tracks.","Everyone can see public playlists.":"Everyone can see public playlists.","Give your playlist a catchy description.":"Give your playlist a catchy description.","Update playlist":"Update playlist","Go to song radio":"Go to song radio","Go to album":"Go to album","Go to track":"Go to track","View lyrics":"View lyrics","Copy song link":"Copy song link","Added [one 1 track|other :count tracks] to playlist":"Added [one 1 track|other :count tracks] to playlist","Playlist created":"Playlist created","Playlist deleted":"Playlist deleted","Following :name":"Following :name","Removed [one 1 track|other :count tracks] from playlist":"Removed [one 1 track|other :count tracks] from playlist","Stopped following :name":"Stopped following :name","Playlist updated":"Playlist updated","Play a song in order to view lyrics.":"Play a song in order to view lyrics.","We do not have lyrics for this song yet":"We do not have lyrics for this song yet","Please try again later":"Please try again later","[one Track|other :count Tracks] deleted":"[one Track|other :count Tracks] deleted","Search within playlist":"Search within playlist","This playlist does not have any tracks yet":"This playlist does not have any tracks yet",":count tracks":":count tracks","Remove from this playlist":"Remove from this playlist","Date added":"Date added","Options":"Options","Seems like no one is following :name yet.":"Seems like no one is following :name yet.","[one 1 followers|other :count followers]":"[one 1 followers|other :count followers]","Edit your profile":"Edit your profile","Avatar":"Avatar","Username":"Username","Your links":"Your links","Following :count":"Following :count","Profile updated":"Profile updated","Liked tracks":"Liked tracks","Public playlists":"Public playlists","Reposts":"Reposts","Liked albums":"Liked albums","Liked artists":"Liked artists","List view":"List view","Grid view":"Grid view","We do not have discography for this artist yet":"We do not have discography for this artist yet","Popular songs":"Popular songs","Show less":"Show less","Show more":"Show more","Follow :user for updates on albums they like in the future.":"Follow :user for updates on albums they like in the future.","No artists yet":"No artists yet","Follow :user for updates on artists they like in the future.":"Follow :user for updates on artists they like in the future.","Seems like :name is not following anyone yet.":"Seems like :name is not following anyone yet.","No playlists yet":"No playlists yet","Follow :user for updates on playlists they create in the future.":"Follow :user for updates on playlists they create in the future.","No reposts yet":"No reposts yet","Follow :user for updates on tracks and albums they repost in the future.":"Follow :user for updates on tracks and albums they repost in the future.","Follow :user for updates on tracks they like in the future.":"Follow :user for updates on tracks they like in the future."}