{"Auto update method is required.":"Auto update method is required.","You have already created a playlist with this name.":"You have already created a playlist with this name.","Artist already has album with this name.":"Artist already has album with this name.","Could not automatically determine album artists. Select artists manually.":"Could not automatically determine album artists. Select artists manually.","Could not automatically determine track artists. Select artists manually.":"Could not automatically determine track artists. Select artists manually.","Could not find lyrics":"Could not find lyrics","New upload on :siteName":"New upload on :siteName","View Now":"View Now",":artistName uploaded a new $type":":artistName uploaded a new $type",":username replied to your comment:":":username replied to your comment:","View user":"View user","on":"on",":siteName backstage request was approved":":siteName backstage request was approved",":siteName backstage request was denied":":siteName backstage request was denied","Hi :name,":"Hi :name,","Open artist profile":"Open artist profile","Your backstage request was approved.":"Your backstage request was approved.","Your backstage request was denied.":"Your backstage request was denied.","Plays":"Plays","Guest user":"Guest user","New users":"New users","New songs":"New songs","New artists":"New artists","Likes":"Likes","Unknown Artist":"Unknown Artist","Invoice":"Invoice","Invoice ID":"Invoice ID","Invoice Date":"Invoice Date","Billed To":"Billed To","From":"From","Description":"Description","Qty":"Qty","Price":"Price","Subscription Dues":"Subscription Dues","plan":"plan","Total":"Total","Notes":"Notes","Could not validate selected optimization. Is it enabled on the server?":"Could not validate selected optimization. Is it enabled on the server?","These credentials are not valid":"These credentials are not valid","Current site url can't be attached as custom domain.":"Current site url can't be attached as custom domain.","Could not validate domain.":"Could not validate domain.","Custom domain connected successfully. You can manage it from your dashboard.":"Custom domain connected successfully. You can manage it from your dashboard.","Custom domain DNS records configured properly. You can now connect this domain from your dashboard.":"Custom domain DNS records configured properly. You can now connect this domain from your dashboard.","$value can't be used as a branded domain.":"$value can't be used as a branded domain.","There was an issue. Please try again later.":"There was an issue. Please try again later.","You don't have required permissions for this action.":"You don't have required permissions for this action.","Upgrade":"Upgrade","This domain is blacklisted.":"This domain is blacklisted.","The provided password does not match your current password.":"The provided password does not match your current password.","System role ':name' cannot be deleted.":"System role ':name' cannot be deleted.","Could not attach specified users to role.":"Could not attach specified users to role.","Could not delete currently logged in user: :email":"Could not delete currently logged in user: :email","Could not delete admin user: :email":"Could not delete admin user: :email","Could not delete subscribed user: :email":"Could not delete subscribed user: :email","The security code you entered is invalid or has expired":"The security code you entered is invalid or has expired","There was an issue. Please try again.":"There was an issue. Please try again.","Specified credentials are not valid":"Specified credentials are not valid","This password is not correct.":"This password is not correct.","Could not retrieve social sign in account.":"Could not retrieve social sign in account.","We couldn't find that account. Sign up or try another login method.":"We couldn't find that account. Sign up or try another login method.","Your :site security code is:":"Your :site security code is:","Account settings":"Account settings","Your :site security code is :code":"Your :site security code is :code","If you did not request this code, please go to your :link and change your password right away.":"If you did not request this code, please go to your :link and change your password right away.","This code will expire in :minutes minutes.":"This code will expire in :minutes minutes.","There must be at least one localization.":"There must be at least one localization.","Locale code is required":"Locale code is required","You are already logged in as this user.":"You are already logged in as this user.","Current period":"Current period","Previous period":"Previous period","Sessions":"Sessions","Others":"Others","Other":"Other",":inviter invited you to :siteName :workspace":":inviter invited you to :siteName :workspace","Join your :workspace teammates on :siteName":"Join your :workspace teammates on :siteName","Join your team":"Join your team","This invitation link will expire in 3 days.":"This invitation link will expire in 3 days.","If you do not wish to join this workspace, no further action is required.":"If you do not wish to join this workspace, no further action is required.",":inviter invited you to join `:workspace.`":":inviter invited you to join `:workspace.`","Accepting the invitation will give you access to links, domains, overlays and other resources in this workspace.":"Accepting the invitation will give you access to links, domains, overlays and other resources in this workspace.","This download link will only work if you are logged in as user who has requested the export and it will expire in one day.":"This download link will only work if you are logged in as user who has requested the export and it will expire in one day.","This download link will expire in one day.":"This download link will expire in one day.","\u201c:name\u201c CSV export is ready to download.":"\u201c:name\u201c CSV export is ready to download.","The file size may not be greater than :size":"The file size may not be greater than :size","Files of this type are not allowed":"Files of this type are not allowed","You have exhausted your allowed space of :space. Delete some files or upgrade your plan.":"You have exhausted your allowed space of :space. Delete some files or upgrade your plan.","These credentials are invalid. Please double-check them and try again.":"These credentials are invalid. Please double-check them and try again.","Could not configure bucket for direct upload. Make sure bucket exists and you have required permissions.":"Could not configure bucket for direct upload. Make sure bucket exists and you have required permissions.","New message via :siteName contact page.":"New message via :siteName contact page.","New message via :siteName contact page from ':userEmail'":"New message via :siteName contact page from ':userEmail'","Unable to resume subscription that is not within grace period.":"Unable to resume subscription that is not within grace period.","Could not delete ':plan":"Could not delete ':plan","This subscription ID already exists":"This subscription ID already exists","No subscription found":"No subscription found","Hello, :name":"Hello, :name","View subscription":"View subscription","Payment for :name subscription failed":"Payment for :name subscription failed","We could not charge your specified payment method for :planName. We will retry it one more time, after which time your subscription on :siteName will be cancelled and you will lose associated benefits.":"We could not charge your specified payment method for :planName. We will retry it one more time, after which time your subscription on :siteName will be cancelled and you will lose associated benefits.","View receipt":"View receipt",":name payment receipt":":name payment receipt","This is a receipt for your latest :siteName payment.":"This is a receipt for your latest :siteName payment.","Invalid emails: :emails":"Invalid emails: :emails","User with email: :emails does not exist":"User with email: :emails does not exist","You have already submitted a report for this item.":"You have already submitted a report for this item.","Internal channels can't be deleted":"Internal channels can't be deleted","You can not delete the homepage channel":"You can not delete the homepage channel","Release Date":"Release Date","Artists":"Artists","Albums":"Albums","Tracks":"Tracks","Playlists":"Playlists","Users":"Users","Followers":"Followers","Followed Users":"Followed Users","All rights reserved.":"All rights reserved.","Whoops!":"Whoops!","Hello!":"Hello!","Regards":"Regards","If you\u2019re having trouble clicking the \":actionText\" button, copy and paste the URL below into your web browser:":"If you\u2019re having trouble clicking the \":actionText\" button, copy and paste the URL below into your web browser:","These credentials do not match our records.":"These credentials do not match our records.","Too many login attempts. Please try again in :seconds seconds.":"Too many login attempts. Please try again in :seconds seconds.","The :attribute must be accepted.":"The :attribute must be accepted.","The :attribute is not a valid URL.":"The :attribute is not a valid URL.","The :attribute must be a date after :date.":"The :attribute must be a date after :date.","The :attribute must be a date after or equal to :date.":"The :attribute must be a date after or equal to :date.","The :attribute may only contain letters.":"The :attribute may only contain letters.","The :attribute may only contain letters, numbers, and dashes.":"The :attribute may only contain letters, numbers, and dashes.","The :attribute may only contain letters and numbers.":"The :attribute may only contain letters and numbers.","The :attribute must be an array.":"The :attribute must be an array.","The :attribute must be a date before :date.":"The :attribute must be a date before :date.","The :attribute must be a date before or equal to :date.":"The :attribute must be a date before or equal to :date.","The :attribute must be between :min and :max.":"The :attribute must be between :min and :max.","The :attribute must be between :min and :max kilobytes.":"The :attribute must be between :min and :max kilobytes.","The :attribute must be between :min and :max characters.":"The :attribute must be between :min and :max characters.","The :attribute must have between :min and :max items.":"The :attribute must have between :min and :max items.","The :attribute field must be true or false.":"The :attribute field must be true or false.","The :attribute confirmation does not match.":"The :attribute confirmation does not match.","The :attribute is not a valid date.":"The :attribute is not a valid date.","The :attribute does not match the format :format.":"The :attribute does not match the format :format.","The :attribute and :other must be different.":"The :attribute and :other must be different.","The :attribute must be :digits digits.":"The :attribute must be :digits digits.","The :attribute must be between :min and :max digits.":"The :attribute must be between :min and :max digits.","The :attribute has invalid image dimensions.":"The :attribute has invalid image dimensions.","The :attribute field has a duplicate value.":"The :attribute field has a duplicate value.","The :attribute must be a valid email address.":"The :attribute must be a valid email address.","The selected :attribute is invalid.":"The selected :attribute is invalid.","The :attribute must be a file.":"The :attribute must be a file.","The :attribute field must have a value.":"The :attribute field must have a value.","The :attribute must be an image.":"The :attribute must be an image.","The :attribute field does not exist in :other.":"The :attribute field does not exist in :other.","The :attribute must be an integer.":"The :attribute must be an integer.","The :attribute must be a valid IP address.":"The :attribute must be a valid IP address.","The :attribute must be a valid IPv4 address.":"The :attribute must be a valid IPv4 address.","The :attribute must be a valid IPv6 address.":"The :attribute must be a valid IPv6 address.","The :attribute must be a valid JSON string.":"The :attribute must be a valid JSON string.","The :attribute may not be greater than :max.":"The :attribute may not be greater than :max.","The :attribute may not be greater than :max kilobytes.":"The :attribute may not be greater than :max kilobytes.","The :attribute may not be greater than :max characters.":"The :attribute may not be greater than :max characters.","The :attribute may not have more than :max items.":"The :attribute may not have more than :max items.","The :attribute must be a file of type: :values.":"The :attribute must be a file of type: :values.","The :attribute must be at least :min.":"The :attribute must be at least :min.","The :attribute must be at least :min kilobytes.":"The :attribute must be at least :min kilobytes.","The :attribute must be at least :min characters.":"The :attribute must be at least :min characters.","The :attribute must have at least :min items.":"The :attribute must have at least :min items.","The :attribute must be a number.":"The :attribute must be a number.","The :attribute field must be present.":"The :attribute field must be present.","The :attribute format is invalid.":"The :attribute format is invalid.","The :attribute field is required.":"The :attribute field is required.","The :attribute field is required when :other is :value.":"The :attribute field is required when :other is :value.","The :attribute field is required unless :other is in :values.":"The :attribute field is required unless :other is in :values.","The :attribute field is required when :values is present.":"The :attribute field is required when :values is present.","The :attribute field is required when :values is not present.":"The :attribute field is required when :values is not present.","The :attribute field is required when none of :values are present.":"The :attribute field is required when none of :values are present.","The :attribute and :other must match.":"The :attribute and :other must match.","The :attribute must be :size.":"The :attribute must be :size.","The :attribute must be :size kilobytes.":"The :attribute must be :size kilobytes.","The :attribute must be :size characters.":"The :attribute must be :size characters.","The :attribute must contain :size items.":"The :attribute must contain :size items.","The :attribute must be a string.":"The :attribute must be a string.","The :attribute must be a valid zone.":"The :attribute must be a valid zone.","The :attribute has already been taken.":"The :attribute has already been taken.","The :attribute failed to upload.":"The :attribute failed to upload.","The :attribute is not correct.":"The :attribute is not correct.","Please confirm your email address.":"Please confirm your email address.","User with email \":attribute\" does not exist.":"User with email \":attribute\" does not exist.","The provided two factor recovery code was invalid.":"The provided two factor recovery code was invalid.","The provided two factor authentication code was invalid.":"The provided two factor authentication code was invalid.","The provided password was incorrect.":"The provided password was incorrect.","The :attribute must be at least :length characters and contain at least one uppercase character.":"The :attribute must be at least :length characters and contain at least one uppercase character.","The :attribute must be at least :length characters and contain at least one number.":"The :attribute must be at least :length characters and contain at least one number.","The :attribute must be at least :length characters and contain at least one special character.":"The :attribute must be at least :length characters and contain at least one special character.","The :attribute must be at least :length characters and contain at least one uppercase character and one number.":"The :attribute must be at least :length characters and contain at least one uppercase character and one number.","The :attribute must be at least :length characters and contain at least one uppercase character and one special character.":"The :attribute must be at least :length characters and contain at least one uppercase character and one special character.","The :attribute must be at least :length characters and contain at least one uppercase character, one number, and one special character.":"The :attribute must be at least :length characters and contain at least one uppercase character, one number, and one special character.","The :attribute must be at least :length characters and contain at least one special character and one number.":"The :attribute must be at least :length characters and contain at least one special character and one number.","The :attribute must be at least :length characters.":"The :attribute must be at least :length characters.","Showing":"Showing","to":"to","of":"of","results":"results","Pagination Navigation":"Pagination Navigation","Go to page :page":"Go to page :page","Reset Password Notification":"Reset Password Notification","You are receiving this email because we received a password reset request for your account.":"You are receiving this email because we received a password reset request for your account.","Reset Password":"Reset Password","This password reset link will expire in :count minutes.":"This password reset link will expire in :count minutes.","If you did not request a password reset, no further action is required.":"If you did not request a password reset, no further action is required.","Verify Email Address":"Verify Email Address","Please click the button below to verify your email address.":"Please click the button below to verify your email address.","If you did not create an account, no further action is required.":"If you did not create an account, no further action is required.","Payment Required":"Payment Required","Not Found":"Not Found","Server Error":"Server Error","Forbidden":"Forbidden","Too Many Requests":"Too Many Requests","Page Expired":"Page Expired","Unauthorized":"Unauthorized","Service Unavailable":"Service Unavailable","Regards,":"Regards,","Home":"Home","New releases":"New releases","Genres":"Genres","Popular songs":"Popular songs","Songs":"Songs","History":"History","Downloads":"Downloads","Discover":"Discover","Search":"Search","Library":"Library","Admin area":"Admin area","Web player":"Web player","Analytics":"Analytics","Settings":"Settings","Plans":"Plans","Subscriptions":"Subscriptions","Roles":"Roles","Upload":"Upload","Channels":"Channels","Lyrics":"Lyrics","Requests":"Requests","Comments":"Comments","Pages":"Pages","Tags":"Tags","Files":"Files","Localizations":"Localizations","Logs":"Logs","View music":"View music","Music":"Music","Allows viewing of music content on the site (tracks, albums, artists, channels etc.)":"Allows viewing of music content on the site (tracks, albums, artists, channels etc.)","Play music":"Play music","Allows playback of music and video on the site.":"Allows playback of music and video on the site.","Download music":"Download music","Allows download of music and video on the site.":"Allows download of music and video on the site.","Offline music playback":"Offline music playback","Allows making music available for offline listening.":"Allows making music available for offline listening.","Embed code":"Embed code","Allows getting embed code for tracks, albums and playlists for external sites.":"Allows getting embed code for tracks, albums and playlists for external sites.","Add and upload music":"Add and upload music","Allows uploading and creating new tracks and albums on the site.":"Allows uploading and creating new tracks and albums on the site.","Minutes":"Minutes","How many minutes all user tracks are allowed to take up. Leave empty for unlimited.":"How many minutes all user tracks are allowed to take up. Leave empty for unlimited.","Artist selection":"Artist selection","Allows attaching track or album to any artist that exists on the site, instead of only the ones managed by current user.":"Allows attaching track or album to any artist that exists on the site, instead of only the ones managed by current user.","View playlists":"View playlists","Allow viewing and searching for playlists marked as public.":"Allow viewing and searching for playlists marked as public.","Create playlists":"Create playlists","Allow creating new playlists.":"Allow creating new playlists.","View comments":"View comments","Allow viewing public comments on the site.":"Allow viewing public comments on the site.","Create comments":"Create comments","Allow posting comments on tracks, albums, playlists and other content.":"Allow posting comments on tracks, albums, playlists and other content.","REST API":"REST API","Allow usage of REST API and accessing API section in account settings page.":"Allow usage of REST API and accessing API section in account settings page.","Access admin area":"Access admin area","Admin":"Admin","Required in order to access any admin area page.":"Required in order to access any admin area page.","Super admin":"Super admin","Gives full permissions.":"Gives full permissions.","View reports":"View reports","Allow viewing reports.":"Allow viewing reports.","Manage settings":"Manage settings","Allow settings management from admin area.":"Allow settings management from admin area.","Role management":"Role management","Allow role management from admin area.":"Allow role management from admin area.","Manage subscriptions":"Manage subscriptions","Allow subscription and plan management from admin area.":"Allow subscription and plan management from admin area.","Manage localizations":"Manage localizations","Allow localization management from admin area.":"Allow localization management from admin area.","Manage users":"Manage users","Allow user management from admin area.":"Allow user management from admin area.","Manage files":"Manage files","Allow file management from admin area.":"Allow file management from admin area.","Manage tags":"Manage tags","Allow tag management from admin area.":"Allow tag management from admin area.","Manage music":"Manage music","Allow full management of all music from admin area and backstage. This includes artists, albums, tracks and related metadata like genres and lyrics.":"Allow full management of all music from admin area and backstage. This includes artists, albums, tracks and related metadata like genres and lyrics.","Manage playlists":"Manage playlists","Allow playlist management from admin area.":"Allow playlist management from admin area.","Manage comments":"Manage comments","Allow managing comments admin area.":"Allow managing comments admin area.","Manage channels":"Manage channels","Allow channel management from admin area.":"Allow channel management from admin area.","Manage backstage requests":"Manage backstage requests","Allow backstage request management from admin area.":"Allow backstage request management from admin area."}